image_path,label,mean_brightness,contrast,dark_pixel_ratio,bright_pixel_ratio,median_intensity,min_intensity,max_intensity,intensity_range,edge_density_30_100,edge_density_50_150,edge_density_70_200,edge_count_30_100,edge_count_50_150,edge_count_70_200
/content/asphalt_dataset/448/Cracks/IMG_8533 resized_448.jpg,Crack,170.8392,31.347232594919763,0.000736,0.160832,171.0,32,254,222,0.372608,0.363712,0.347424,23288,22732,21714
/content/asphalt_dataset/448/Cracks/IMG_20180513_170844630_HDR resized_448.jpg,Crack,110.19288,40.019065022881286,0.055424,0.007728,109.0,8,249,241,0.377728,0.376,0.373392,23608,23500,23337
/content/asphalt_dataset/448/Cracks/IMG_8488 resized_448.jpg,Crack,183.150768,22.989354166878545,0.0,0.231904,184.0,80,254,174,0.381696,0.374112,0.358544,23856,23382,22409
/content/asphalt_dataset/448/Cracks/IMG_8405 resized_448.jpg,Crack,127.431712,19.802368968107228,0.0,0.001536,127.0,56,248,192,0.37984,0.365808,0.333568,23740,22863,20848
/content/asphalt_dataset/448/Cracks/IMG_20180514_165847101_HDR resized_448.jpg,Crack,139.641744,35.99639521727785,0.020576,0.03568,142.0,0,254,254,0.384304,0.380416,0.373424,24019,23776,23339
/content/asphalt_dataset/448/Cracks/IMG_8530 resized_448.jpg,Crack,154.792352,31.87938898893917,0.002752,0.08968,152.0,26,255,229,0.367568,0.359088,0.342832,22973,22443,21427
/content/asphalt_dataset/448/Cracks/IMG_8428 resized_448.jpg,Crack,168.273328,29.544296705191954,0.0,0.134336,170.0,53,254,201,0.385408,0.3816,0.37296,24088,23850,23310
/content/asphalt_dataset/448/Cracks/IMG_8453 resized_448.jpg,Crack,154.340336,40.05231373350488,9.6e-05,0.127888,158.0,44,253,209,0.380576,0.37784,0.37176,23786,23615,23235
/content/asphalt_dataset/448/Cracks/IMG_8415 resized_448.jpg,Crack,152.865392,37.389210966351456,3.2e-05,0.109584,154.0,48,251,203,0.384256,0.382192,0.377488,24016,23887,23593
/content/asphalt_dataset/448/Cracks/IMG_8521 resized_448.jpg,Crack,158.822064,32.81220313816041,6.4e-05,0.127488,154.0,38,255,217,0.364592,0.356416,0.338528,22787,22276,21158
/content/asphalt_dataset/448/Cracks/IMG_20180514_170158322_HDR resized_448.jpg,Crack,130.006144,35.55770783179456,0.013184,0.029472,128.0,0,251,251,0.382544,0.378816,0.370624,23909,23676,23164
/content/asphalt_dataset/448/Cracks/IMG_20180514_170105907_HDR resized_448.jpg,Crack,130.465584,33.233919292478035,0.010928,0.026064,128.0,3,250,247,0.3792,0.374,0.36296,23700,23375,22685
/content/asphalt_dataset/448/Cracks/IMG_8426 resized_448.jpg,Crack,171.969088,28.80900866826653,0.0,0.16344,172.0,50,254,204,0.381888,0.375248,0.359152,23868,23453,22447
/content/asphalt_dataset/448/Cracks/IMG_20180513_170357440_HDR resized_448.jpg,Crack,130.812848,19.391406708356566,0.000912,0.001248,133.0,1,246,245,0.367952,0.322368,0.208928,22997,20148,13058
/content/asphalt_dataset/448/Cracks/IMG_20180514_170008541_HDR resized_448.jpg,Crack,143.525856,35.19909344666797,0.020896,0.050688,143.0,0,254,254,0.375424,0.368112,0.353072,23464,23007,22067
/content/asphalt_dataset/448/Cracks/IMG_20180514_170055705_HDR resized_448.jpg,Crack,136.395152,32.108605682852314,0.014384,0.030848,134.0,2,249,247,0.374112,0.367568,0.354896,23382,22973,22181
/content/asphalt_dataset/448/Cracks/IMG_8513 resized_448.jpg,Crack,167.463392,30.53643993418905,0.000592,0.13864,167.0,30,254,224,0.38704,0.382672,0.374304,24190,23917,23394
/content/asphalt_dataset/448/Cracks/IMG_8531 resized_448.jpg,Crack,171.430944,32.05947397055766,0.001776,0.170112,172.0,27,254,227,0.376192,0.36816,0.353424,23512,23010,22089
/content/asphalt_dataset/448/Cracks/IMG_8526 resized_448.jpg,Crack,172.881168,32.562189713773485,0.000544,0.199872,171.0,30,254,224,0.376192,0.370928,0.357792,23512,23183,22362
/content/asphalt_dataset/448/Cracks/IMG_8449 resized_448.jpg,Crack,124.75072,44.757292182186355,0.001792,0.079664,114.0,37,255,218,0.371536,0.36544,0.350272,23221,22840,21892
/content/asphalt_dataset/448/Cracks/IMG_20180513_170700279_HDR resized_448.jpg,Crack,118.077392,22.475779908121897,0.001984,0.002112,118.0,21,245,224,0.371488,0.346544,0.29592,23218,21659,18495
/content/asphalt_dataset/448/Cracks/IMG_20180513_165710583_HDR resized_448.jpg,Crack,129.873104,29.95024583213273,0.009856,0.0064,132.0,1,252,251,0.369712,0.36288,0.345168,23107,22680,21573
/content/asphalt_dataset/448/Cracks/IMG_20180513_170710091_HDR resized_448.jpg,Crack,119.208592,27.321374368386667,0.007296,0.004032,120.0,2,251,249,0.377728,0.370384,0.350384,23608,23149,21899
/content/asphalt_dataset/448/Cracks/IMG_8463 resized_448.jpg,Crack,170.6256,27.768409976806378,9.6e-05,0.149792,171.0,40,253,213,0.392096,0.38976,0.383088,24506,24360,23943
/content/asphalt_dataset/448/Cracks/IMG_20180514_165740460_HDR resized_448.jpg,Crack,128.750736,32.89067459719098,0.009728,0.025296,126.0,2,254,252,0.380768,0.376544,0.367776,23798,23534,22986
/content/asphalt_dataset/448/Cracks/IMG_8504 resized_448.jpg,Crack,132.612112,20.092687398639736,0.0,0.004576,131.0,53,253,200,0.361152,0.335744,0.276368,22572,20984,17273
/content/asphalt_dataset/448/Cracks/IMG_8532 resized_448.jpg,Crack,163.683264,32.54927437449726,0.001008,0.124336,164.0,30,254,224,0.376976,0.369456,0.355264,23561,23091,22204
/content/asphalt_dataset/448/Cracks/IMG_8412 resized_448.jpg,Crack,148.939264,33.9388163485161,0.0,0.075536,148.0,52,253,201,0.381824,0.378944,0.372064,23864,23684,23254
/content/asphalt_dataset/448/Cracks/IMG_8455 resized_448.jpg,Crack,151.844928,41.52012852430512,0.00088,0.123392,156.0,34,252,218,0.376864,0.375104,0.371296,23554,23444,23206
/content/asphalt_dataset/448/Cracks/IMG_20180514_170122537_HDR resized_448.jpg,Crack,134.273984,34.24710260398307,0.013856,0.037136,132.0,1,252,251,0.3756,0.370432,0.35944,23475,23152,22465
/content/asphalt_dataset/448/Cracks/IMG_8490 resized_448.jpg,Crack,177.353728,24.307914688471655,0.0,0.172096,178.0,68,254,186,0.386544,0.380176,0.367008,24159,23761,22938
/content/asphalt_dataset/448/Cracks/IMG_20180514_165152754_HDR resized_448.jpg,Crack,122.723888,30.120286355933867,0.010048,0.010512,122.0,3,253,250,0.37248,0.363072,0.3392,23280,22692,21200
/content/asphalt_dataset/448/Cracks/IMG_8475 resized_448.jpg,Crack,177.394448,24.429461778256517,0.0,0.162736,179.0,58,254,196,0.385696,0.379296,0.365552,24106,23706,22847
/content/asphalt_dataset/448/Cracks/IMG_20180513_165353081_HDR resized_448.jpg,Crack,135.881632,28.91430547352947,0.008368,0.011088,138.0,1,253,252,0.368096,0.358944,0.337312,23006,22434,21082
/content/asphalt_dataset/448/Cracks/IMG_20180513_165749116_HDR resized_448.jpg,Crack,127.97392,24.980326175484578,0.00272,0.002288,129.0,4,250,246,0.366592,0.339584,0.286848,22912,21224,17928
/content/asphalt_dataset/448/Cracks/IMG_8441 resized_448.jpg,Crack,128.182784,51.42354136005555,0.082736,0.079536,131.0,10,253,243,0.383808,0.383168,0.381888,23988,23948,23868
/content/asphalt_dataset/448/Cracks/IMG_20180514_165444055_HDR resized_448.jpg,Crack,133.602112,29.892000621227343,0.005472,0.015568,134.0,6,248,242,0.383424,0.378864,0.368416,23964,23679,23026
/content/asphalt_dataset/448/Cracks/IMG_8470 resized_448.jpg,Crack,170.235168,27.520904491164092,0.0,0.141824,172.0,53,251,198,0.390928,0.388304,0.38104,24433,24269,23815
/content/asphalt_dataset/448/Cracks/IMG_20180514_170708710_HDR resized_448.jpg,Crack,134.23208,29.95180413386813,0.001952,0.006688,135.0,22,251,229,0.377664,0.37192,0.360688,23604,23245,22543
/content/asphalt_dataset/448/Cracks/IMG_8510 resized_448.jpg,Crack,170.496176,26.40400881262207,0.000208,0.122464,170.0,37,255,218,0.385696,0.380576,0.368192,24106,23786,23012
/content/asphalt_dataset/448/Cracks/IMG_8407 resized_448.jpg,Crack,129.083632,22.642236587593906,3.2e-05,0.002288,128.0,44,237,193,0.379712,0.3692,0.34544,23732,23075,21590
/content/asphalt_dataset/448/Cracks/IMG_8485 resized_448.jpg,Crack,183.452048,25.658226684743745,0.0,0.265424,185.0,67,255,188,0.386576,0.381648,0.370976,24161,23853,23186
/content/asphalt_dataset/448/Cracks/IMG_8418 resized_448.jpg,Crack,137.565168,44.34413125918441,0.017024,0.084656,137.0,24,253,229,0.381712,0.37984,0.374688,23857,23740,23418
/content/asphalt_dataset/448/Cracks/IMG_20180513_165515651_HDR resized_448.jpg,Crack,125.083904,27.23277907446803,0.006352,0.004688,126.0,8,251,243,0.378672,0.36568,0.331888,23667,22855,20743
/content/asphalt_dataset/448/Cracks/IMG_8524 resized_448.jpg,Crack,165.886096,33.97745372859456,0.001488,0.162,163.0,23,255,232,0.369216,0.363536,0.349616,23076,22721,21851
/content/asphalt_dataset/448/Cracks/IMG_20180514_165358823_HDR resized_448.jpg,Crack,130.866304,37.305274015607814,0.01664,0.039776,129.0,1,254,253,0.38512,0.383104,0.378992,24070,23944,23687
/content/asphalt_dataset/448/Cracks/IMG_8433 resized_448.jpg,Crack,146.274704,43.10738045523509,0.002896,0.10752,149.0,34,254,220,0.38504,0.383888,0.381824,24065,23993,23864
/content/asphalt_dataset/448/Cracks/IMG_20180514_170423229_HDR resized_448.jpg,Crack,144.189344,40.92117130349111,0.029728,0.06608,148.0,0,254,254,0.376368,0.371232,0.359984,23523,23202,22499
/content/asphalt_dataset/448/Cracks/IMG_8465 resized_448.jpg,Crack,173.288336,28.07640800300323,3.2e-05,0.175856,175.0,45,250,205,0.389888,0.387264,0.380512,24368,24204,23782
/content/asphalt_dataset/448/Cracks/IMG_8514 resized_448.jpg,Crack,161.921232,35.69759772872926,0.00432,0.138544,163.0,21,255,234,0.380656,0.376992,0.370112,23791,23562,23132
/content/asphalt_dataset/448/Cracks/IMG_20180513_165733359_HDR resized_448.jpg,Crack,126.416544,25.355406427349255,0.003136,0.003824,126.0,10,250,240,0.371792,0.354128,0.315552,23237,22133,19722
/content/asphalt_dataset/448/Cracks/IMG_8430 resized_448.jpg,Crack,128.295888,56.57102030449385,0.120656,0.109152,133.0,9,252,243,0.379808,0.37936,0.378544,23738,23710,23659
/content/asphalt_dataset/448/Cracks/IMG_20180514_170032562_HDR resized_448.jpg,Crack,123.622336,32.967545645727164,0.009312,0.0224,120.0,0,254,254,0.372848,0.369056,0.359536,23303,23066,22471
/content/asphalt_dataset/448/Cracks/IMG_8483 resized_448.jpg,Crack,180.760416,25.21347718001117,0.0,0.221776,183.0,78,254,176,0.38344,0.377808,0.364592,23965,23613,22787
/content/asphalt_dataset/448/Cracks/IMG_8456 resized_448.jpg,Crack,154.610224,41.95719336025497,0.000368,0.146208,158.0,34,254,220,0.371392,0.368992,0.364336,23212,23062,22771
/content/asphalt_dataset/448/Cracks/IMG_20180513_170535927_HDR resized_448.jpg,Crack,111.635312,20.403643857474478,0.00336,0.003136,111.0,5,254,249,0.363296,0.316992,0.239552,22706,19812,14972
/content/asphalt_dataset/448/Cracks/IMG_8512 resized_448.jpg,Crack,171.38096,30.574211706573895,0.00072,0.170384,171.0,34,254,220,0.38664,0.38344,0.3756,24165,23965,23475
/content/asphalt_dataset/448/Cracks/IMG_20180513_170526931_HDR resized_448.jpg,Crack,116.04576,21.353612200805745,0.004576,0.003712,116.0,2,252,250,0.3652,0.318784,0.245056,22825,19924,15316
/content/asphalt_dataset/448/Cracks/IMG_8443 resized_448.jpg,Crack,134.060064,49.486216023413064,0.042144,0.094096,136.0,13,254,241,0.382384,0.381344,0.379616,23899,23834,23726
/content/asphalt_dataset/448/Cracks/IMG_20180514_165831579_HDR resized_448.jpg,Crack,138.434944,34.56931367147551,0.017216,0.030528,141.0,1,251,250,0.386608,0.383056,0.375424,24163,23941,23464
/content/asphalt_dataset/448/Cracks/IMG_20180514_165228668_HDR resized_448.jpg,Crack,136.619632,32.532986954544704,0.012064,0.02752,137.0,1,255,254,0.380752,0.37544,0.367472,23797,23465,22967
/content/asphalt_dataset/448/Cracks/IMG_8506 resized_448.jpg,Crack,170.3576,22.387855865178338,1.6e-05,0.098096,168.0,49,254,205,0.368128,0.354528,0.32232,23008,22158,20145
/content/asphalt_dataset/448/Cracks/IMG_20180513_165451567_HDR resized_448.jpg,Crack,129.368592,24.622514492584543,0.002256,0.007008,131.0,5,252,247,0.38016,0.365792,0.333744,23760,22862,20859
/content/asphalt_dataset/448/Cracks/IMG_20180514_165259100 resized_448.jpg,Crack,136.564624,30.959102308345827,0.006416,0.029568,136.0,11,254,243,0.369968,0.358592,0.33808,23123,22412,21130
/content/asphalt_dataset/448/Cracks/IMG_20180513_170718753_HDR resized_448.jpg,Crack,120.025488,28.108722745116967,0.007328,0.002432,121.0,2,251,249,0.381104,0.3764,0.362496,23819,23525,22656
/content/asphalt_dataset/448/Cracks/IMG_8462 resized_448.jpg,Crack,131.367184,22.793162657036955,0.000464,0.000992,131.0,29,227,198,0.383648,0.376592,0.357376,23978,23537,22336
/content/asphalt_dataset/448/Cracks/IMG_8471 resized_448.jpg,Crack,171.285024,27.43375222822106,0.0,0.152336,173.0,57,250,193,0.391024,0.38848,0.383056,24439,24280,23941
/content/asphalt_dataset/448/Cracks/IMG_8528 resized_448.jpg,Crack,162.157392,33.6310881738658,0.00088,0.138864,160.0,31,254,223,0.37304,0.366112,0.353552,23315,22882,22097
/content/asphalt_dataset/448/Cracks/IMG_8486 resized_448.jpg,Crack,175.593376,24.54241456993635,0.0,0.152496,177.0,75,255,180,0.388,0.38256,0.372704,24250,23910,23294
/content/asphalt_dataset/448/Cracks/IMG_20180513_165547907_HDR resized_448.jpg,Crack,120.272464,23.651372293562673,0.001472,0.003872,119.0,21,253,232,0.364544,0.318064,0.2048,22784,19879,12800
/content/asphalt_dataset/448/Cracks/IMG_20180513_165129852_HDR resized_448.jpg,Crack,131.699024,25.69108649799428,0.0036,0.005936,133.0,4,249,245,0.377552,0.365152,0.33432,23597,22822,20895
/content/asphalt_dataset/448/Cracks/IMG_20180514_165529728_HDR resized_448.jpg,Crack,125.590848,30.542429809052454,0.008544,0.01696,123.0,3,254,251,0.376032,0.370016,0.3584,23502,23126,22400
/content/asphalt_dataset/448/Cracks/IMG_20180514_170416728_HDR resized_448.jpg,Crack,143.512896,38.21751359904493,0.0232,0.054992,146.0,0,254,254,0.378,0.37264,0.364352,23625,23290,22772
/content/asphalt_dataset/448/Cracks/IMG_20180514_165115894_HDR resized_448.jpg,Crack,118.628768,34.73386605032869,0.021216,0.01608,117.0,0,253,253,0.37296,0.363888,0.347072,23310,22743,21692
/content/asphalt_dataset/448/Cracks/IMG_8416 resized_448.jpg,Crack,149.027936,34.8408223149211,1.6e-05,0.077504,149.0,49,254,205,0.381104,0.37784,0.37128,23819,23615,23205
/content/asphalt_dataset/448/Cracks/IMG_20180514_165217078_HDR resized_448.jpg,Crack,124.62856,34.054932569693925,0.01616,0.014736,125.0,2,255,253,0.382672,0.37832,0.369168,23917,23645,23073
/content/asphalt_dataset/448/Cracks/IMG_8413 resized_448.jpg,Crack,151.10544,35.85291177026491,0.0,0.09248,151.0,50,252,202,0.383136,0.380208,0.374016,23946,23763,23376
/content/asphalt_dataset/448/Cracks/IMG_20180514_164944000_HDR resized_448.jpg,Crack,132.474016,33.77939272443695,0.021648,0.01328,137.0,1,254,253,0.374032,0.358144,0.322464,23377,22384,20154
/content/asphalt_dataset/448/Cracks/IMG_8491 resized_448.jpg,Crack,185.197504,19.828022195115278,0.0,0.220144,186.0,83,254,171,0.38648,0.377952,0.3488,24155,23622,21800
/content/asphalt_dataset/448/Cracks/IMG_8431 resized_448.jpg,Crack,130.937504,54.936370159030204,0.110112,0.096112,138.0,11,255,244,0.376304,0.375808,0.374672,23519,23488,23417
/content/asphalt_dataset/448/Cracks/IMG_8525 resized_448.jpg,Crack,171.716144,33.42402372203658,0.000848,0.196272,169.0,33,255,222,0.373632,0.367808,0.35568,23352,22988,22230
/content/asphalt_dataset/448/Cracks/IMG_8423 resized_448.jpg,Crack,133.255824,16.576826538304125,0.0,0.000704,133.0,58,248,190,0.361328,0.305904,0.209056,22583,19119,13066
/content/asphalt_dataset/448/Cracks/IMG_20180514_165746314_HDR resized_448.jpg,Crack,138.576848,36.25300161896799,0.016384,0.047872,138.0,0,254,254,0.382672,0.379504,0.373296,23917,23719,23331
/content/asphalt_dataset/448/Cracks/IMG_20180514_170026184_HDR resized_448.jpg,Crack,131.88168,32.012023247173865,0.013008,0.024864,130.0,0,252,252,0.378832,0.37224,0.3612,23677,23265,22575
/content/asphalt_dataset/448/Cracks/IMG_8489 resized_448.jpg,Crack,171.851648,25.28298415306421,0.0,0.12744,173.0,56,254,198,0.383216,0.37696,0.3628,23951,23560,22675
/content/asphalt_dataset/448/Cracks/IMG_20180514_165837194_HDR resized_448.jpg,Crack,140.410256,35.907205210298166,0.020592,0.036608,143.0,2,253,251,0.3864,0.383216,0.375168,24150,23951,23448
/content/asphalt_dataset/448/Cracks/IMG_20180514_165717791_HDR resized_448.jpg,Crack,138.340192,34.03654150179093,0.014336,0.032464,139.0,1,253,252,0.385456,0.383248,0.377872,24091,23953,23617
/content/asphalt_dataset/448/Cracks/IMG_20180513_170515937_HDR resized_448.jpg,Crack,116.262496,20.765749296617834,0.00104,0.002064,117.0,25,253,228,0.373504,0.345536,0.286224,23344,21596,17889
/content/asphalt_dataset/448/Cracks/IMG_8520 resized_448.jpg,Crack,173.927872,28.90716972572057,0.0,0.175856,170.0,58,255,197,0.362992,0.354208,0.335312,22687,22138,20957
/content/asphalt_dataset/448/Cracks/IMG_20180514_165751038_HDR resized_448.jpg,Crack,139.317424,35.132567597661065,0.018352,0.040096,140.0,0,253,253,0.380224,0.375328,0.365712,23764,23458,22857
/content/asphalt_dataset/448/Cracks/IMG_20180513_165717627_HDR resized_448.jpg,Crack,123.259104,25.901357514948593,0.002416,0.008704,123.0,9,254,245,0.360576,0.333232,0.275872,22536,20827,17242
/content/asphalt_dataset/448/Cracks/IMG_8515 resized_448.jpg,Crack,156.406352,38.90199971790777,0.009552,0.12408,158.0,20,254,234,0.386448,0.383728,0.37832,24153,23983,23645
/content/asphalt_dataset/448/Cracks/IMG_20180514_165535720_HDR resized_448.jpg,Crack,126.048208,28.820388269222466,0.004672,0.013008,123.0,9,254,245,0.375568,0.370608,0.359472,23473,23163,22467
/content/asphalt_dataset/448/Cracks/IMG_8476 resized_448.jpg,Crack,176.69872,25.238111148847885,0.0,0.168576,178.0,71,254,183,0.385456,0.379024,0.366256,24091,23689,22891
/content/asphalt_dataset/448/Cracks/IMG_8414 resized_448.jpg,Crack,154.679488,33.02413408490609,0.0,0.09136,154.0,58,252,194,0.376064,0.372096,0.362976,23504,23256,22686
/content/asphalt_dataset/448/Cracks/IMG_8527 resized_448.jpg,Crack,165.53792,31.67531559548539,0.000304,0.143232,163.0,38,254,216,0.373664,0.368528,0.357776,23354,23033,22361
/content/asphalt_dataset/448/Cracks/IMG_8472 resized_448.jpg,Crack,170.609968,27.997051613321286,0.0,0.151376,172.0,58,252,194,0.393888,0.391392,0.386784,24618,24462,24174
/content/asphalt_dataset/448/Cracks/IMG_20180514_165251954_HDR resized_448.jpg,Crack,130.40752,29.34873475040449,0.01168,0.015424,130.0,0,253,253,0.378464,0.370496,0.35384,23654,23156,22115
/content/asphalt_dataset/448/Cracks/IMG_20180513_170406108_HDR resized_448.jpg,Crack,125.498992,21.697430239176622,0.002896,0.006048,127.0,7,253,246,0.358864,0.304208,0.176816,22429,19013,11051
/content/asphalt_dataset/448/Cracks/IMG_20180513_164959951_HDR resized_448.jpg,Crack,121.920896,33.591948775818054,0.006496,0.015104,120.0,18,252,234,0.376784,0.373616,0.364208,23549,23351,22763
/content/asphalt_dataset/448/Cracks/IMG_8438 resized_448.jpg,Crack,139.719568,48.39840953888233,0.030496,0.111152,142.0,14,254,240,0.378528,0.37776,0.376192,23658,23610,23512
/content/asphalt_dataset/448/Cracks/IMG_20180513_170453882_HDR resized_448.jpg,Crack,115.105728,20.228121158180162,0.00088,0.002384,115.0,8,249,241,0.371904,0.3396,0.256448,23244,21225,16028
/content/asphalt_dataset/448/Cracks/IMG_8484 resized_448.jpg,Crack,181.754592,26.029886801781064,0.0,0.244544,183.0,83,255,172,0.38856,0.383856,0.374368,24285,23991,23398
/content/asphalt_dataset/448/Cracks/IMG_8434 resized_448.jpg,Crack,150.473408,42.585797971454475,0.002128,0.126,153.0,36,254,218,0.383936,0.382912,0.380048,23996,23932,23753
/content/asphalt_dataset/448/Cracks/IMG_20180514_165823466_HDR resized_448.jpg,Crack,141.766368,40.50887991648962,0.025824,0.069488,143.0,0,254,254,0.382624,0.379248,0.372448,23914,23703,23278
/content/asphalt_dataset/448/Cracks/IMG_20180513_165500303_HDR resized_448.jpg,Crack,125.009504,22.766994480475105,0.003024,0.004768,127.0,2,252,250,0.371392,0.350176,0.29944,23212,21886,18715
/content/asphalt_dataset/448/Cracks/IMG_8429 resized_448.jpg,Crack,123.542096,57.45794152183651,0.14168,0.100336,126.0,13,253,240,0.380368,0.379904,0.379312,23773,23744,23707
/content/asphalt_dataset/448/Cracks/IMG_20180513_170746398_HDR resized_448.jpg,Crack,123.899664,25.811720064480475,0.003408,0.002784,124.0,5,249,244,0.370224,0.359264,0.3296,23139,22454,20600
/content/asphalt_dataset/448/Cracks/IMG_20180514_165211442_HDR resized_448.jpg,Crack,126.347248,36.21718457896053,0.016768,0.024192,126.0,2,254,252,0.383792,0.380336,0.371584,23987,23771,23224
/content/asphalt_dataset/448/Cracks/IMG_20180514_170703597_HDR resized_448.jpg,Crack,129.52688,29.860559630817367,0.002816,0.004336,129.0,13,254,241,0.384576,0.380864,0.372848,24036,23804,23303
/content/asphalt_dataset/448/Cracks/IMG_8466 resized_448.jpg,Crack,170.791776,27.224633602049156,1.6e-05,0.141456,172.0,49,247,198,0.387712,0.38456,0.376304,24232,24035,23519
/content/asphalt_dataset/448/Cracks/IMG_8529 resized_448.jpg,Crack,172.188944,25.285986557080662,0.0004,0.120016,171.0,37,254,217,0.369472,0.354096,0.321232,23092,22131,20077
/content/asphalt_dataset/448/Cracks/IMG_20180514_164955695_HDR resized_448.jpg,Crack,122.651248,36.78471100936496,0.02792,0.018752,125.0,1,253,252,0.37592,0.369008,0.34984,23495,23063,21865
/content/asphalt_dataset/448/Cracks/IMG_20180514_170708710_HDR (1) resized_448.jpg,Crack,134.23208,29.95180413386813,0.001952,0.006688,135.0,22,251,229,0.377664,0.37192,0.360688,23604,23245,22543
/content/asphalt_dataset/448/Cracks/IMG_20180513_170350654_HDR resized_448.jpg,Crack,129.413712,21.562988901844196,0.001584,0.002256,131.0,1,245,244,0.37344,0.349904,0.280656,23340,21869,17541
/content/asphalt_dataset/448/Cracks/IMG_20180514_165457873_HDR resized_448.jpg,Crack,132.891968,35.13495548719219,0.013968,0.031232,132.0,4,253,249,0.389568,0.387616,0.382784,24348,24226,23924
/content/asphalt_dataset/448/Cracks/IMG_20180514_170015428_HDR resized_448.jpg,Crack,140.647584,38.15717593013068,0.029424,0.049456,142.0,0,254,254,0.371776,0.36504,0.352208,23236,22815,22013
/content/asphalt_dataset/448/Cracks/IMG_8487 resized_448.jpg,Crack,172.088048,26.084910111972704,0.0,0.137008,173.0,63,254,191,0.386224,0.381152,0.369952,24139,23822,23122
/content/asphalt_dataset/448/Cracks/IMG_8519 resized_448.jpg,Crack,165.306592,30.213154508351757,0.0,0.13272,162.0,50,255,205,0.36408,0.354832,0.339344,22755,22177,21209
/content/asphalt_dataset/448/Cracks/IMG_8479 resized_448.jpg,Crack,181.166288,23.793273929853704,0.0,0.20192,182.0,71,254,183,0.379296,0.370112,0.349696,23706,23132,21856
/content/asphalt_dataset/448/Cracks/IMG_8474 resized_448.jpg,Crack,134.85512,19.25891424212694,1.6e-05,0.003024,135.0,47,252,205,0.381888,0.36672,0.326992,23868,22920,20437
/content/asphalt_dataset/448/Cracks/IMG_20180513_165349788_HDR resized_448.jpg,Crack,130.970864,28.42112001828049,0.003872,0.008432,132.0,4,253,249,0.376096,0.369136,0.353632,23506,23071,22102
/content/asphalt_dataset/448/Cracks/IMG_8446 resized_448.jpg,Crack,154.44528,43.90529004256321,0.000432,0.159856,158.0,36,255,219,0.386016,0.384592,0.379696,24126,24037,23731
/content/asphalt_dataset/448/Cracks/IMG_8522 resized_448.jpg,Crack,162.707168,32.8679195785157,0.002544,0.138672,160.0,26,254,228,0.373824,0.367552,0.354592,23364,22972,22162
/content/asphalt_dataset/448/Cracks/IMG_20180514_170217038_HDR resized_448.jpg,Crack,121.701696,29.334052408823162,0.006784,0.013152,117.0,1,250,249,0.368144,0.360096,0.344768,23009,22506,21548
/content/asphalt_dataset/448/Cracks/IMG_20180514_170411390_HDR resized_448.jpg,Crack,141.485072,40.134781937302414,0.026528,0.063248,143.0,0,254,254,0.378544,0.374544,0.366544,23659,23409,22909
/content/asphalt_dataset/448/Cracks/IMG_20180514_170039467_HDR resized_448.jpg,Crack,123.091008,32.42359347055684,0.011168,0.01768,119.0,1,254,253,0.3784,0.3732,0.36528,23650,23325,22830
/content/asphalt_dataset/448/Cracks/IMG_20180514_165427375_HDR resized_448.jpg,Crack,134.254,33.06238194685918,0.010688,0.026368,134.0,3,253,250,0.383968,0.381408,0.37496,23998,23838,23435
/content/asphalt_dataset/448/Cracks/IMG_8518 resized_448.jpg,Crack,181.491696,30.267051046370277,0.0,0.247008,178.0,57,255,198,0.368016,0.359376,0.345248,23001,22461,21578
/content/asphalt_dataset/448/Cracks/IMG_8523 resized_448.jpg,Crack,160.726288,32.75388138436506,0.002688,0.128592,157.0,18,254,236,0.37048,0.363792,0.350848,23155,22737,21928
/content/asphalt_dataset/448/Cracks/IMG_8417 resized_448.jpg,Crack,136.863808,46.16632759641096,0.022672,0.091088,137.0,23,254,231,0.383808,0.382624,0.379296,23988,23914,23706
/content/asphalt_dataset/448/Cracks/IMG_8439 resized_448.jpg,Crack,145.750592,44.980084522481015,0.008832,0.12056,148.0,22,254,232,0.383472,0.38256,0.380336,23967,23910,23771
/content/asphalt_dataset/448/Cracks/IMG_8442 resized_448.jpg,Crack,143.244256,48.06464133858136,0.02744,0.122912,146.0,18,254,236,0.386784,0.386016,0.384368,24174,24126,24023
/content/asphalt_dataset/448/Cracks/IMG_8508 resized_448.jpg,Crack,168.887136,27.705218528600422,1.6e-05,0.132432,167.0,46,255,209,0.376496,0.368144,0.351296,23531,23009,21956
/content/asphalt_dataset/448/Cracks/IMG_20180513_165150613_HDR resized_448.jpg,Crack,121.065744,31.68560224654826,0.016736,0.011184,120.0,2,248,246,0.37224,0.355856,0.314656,23265,22241,19666
/content/asphalt_dataset/448/Cracks/IMG_20180514_165340357_HDR resized_448.jpg,Crack,130.158288,30.87179866656713,0.009904,0.016752,129.0,3,254,251,0.375136,0.369568,0.357056,23446,23098,22316
/content/asphalt_dataset/448/Cracks/IMG_8480 resized_448.jpg,Crack,187.530016,20.944828360235945,0.0,0.267088,189.0,83,254,171,0.360032,0.343424,0.30392,22502,21464,18995
/content/asphalt_dataset/448/Cracks/IMG_8468 resized_448.jpg,Crack,164.310976,39.186749162534824,0.000352,0.185616,171.0,32,254,222,0.383744,0.378864,0.365392,23984,23679,22837
/content/asphalt_dataset/448/Cracks/IMG_20180514_170137161_HDR resized_448.jpg,Crack,123.334496,34.983023317403315,0.014608,0.023616,121.0,1,255,254,0.378272,0.374528,0.367632,23642,23408,22977
/content/asphalt_dataset/448/Cracks/IMG_8473 resized_448.jpg,Crack,169.82112,29.570086539366095,3.2e-05,0.16096,171.0,49,251,202,0.393056,0.391232,0.38648,24566,24452,24155
/content/asphalt_dataset/448/Cracks/IMG_8477 resized_448.jpg,Crack,180.438048,21.945096991120728,0.0,0.175536,182.0,75,253,178,0.382976,0.374784,0.354064,23936,23424,22129
/content/asphalt_dataset/448/Cracks/IMG_20180514_165811955_HDR resized_448.jpg,Crack,135.613408,38.155533735298945,0.021472,0.0452,136.0,0,253,253,0.383872,0.380688,0.375408,23992,23793,23463
/content/asphalt_dataset/448/Cracks/IMG_8517 resized_448.jpg,Crack,123.758864,29.852231498323604,0.001472,0.022416,118.0,26,253,227,0.3496,0.333648,0.30632,21850,20853,19145
/content/asphalt_dataset/448/Cracks/IMG_20180513_165741688_HDR resized_448.jpg,Crack,124.725488,24.935035976750786,0.003504,0.002832,125.0,13,250,237,0.369904,0.345184,0.293008,23119,21574,18313
/content/asphalt_dataset/448/Cracks/IMG_20180513_165521775_HDR resized_448.jpg,Crack,125.162368,25.4076990818251,0.00464,0.00328,126.0,11,251,240,0.371296,0.352912,0.305408,23206,22057,19088
/content/asphalt_dataset/448/Cracks/IMG_20180514_164949995_HDR resized_448.jpg,Crack,126.756976,31.42311956721395,0.014384,0.01032,129.0,5,250,245,0.372576,0.354304,0.307584,23286,22144,19224
/content/asphalt_dataset/448/Cracks/IMG_20180514_165245540_HDR resized_448.jpg,Crack,131.970096,32.13397382445539,0.012736,0.021216,132.0,1,253,252,0.383904,0.37832,0.366688,23994,23645,22918
/content/asphalt_dataset/448/Cracks/IMG_8424 resized_448.jpg,Crack,182.93296,16.865114338135985,0.0,0.141104,183.0,103,252,149,0.360208,0.308928,0.201328,22513,19308,12583
/content/asphalt_dataset/448/Cracks/IMG_20180514_170400947 resized_448.jpg,Crack,130.202,49.14552964410904,0.062368,0.083632,131.0,0,254,254,0.378736,0.37648,0.372144,23671,23530,23259
/content/asphalt_dataset/448/Cracks/IMG_20180513_170430826_HDR resized_448.jpg,Crack,126.257392,18.84624624052058,0.000336,0.00224,126.0,24,252,228,0.366608,0.326304,0.235696,22913,20394,14731
/content/asphalt_dataset/448/Cracks/IMG_8435 resized_448.jpg,Crack,147.485152,42.92463781485985,0.002144,0.113056,150.0,34,255,221,0.383568,0.3824,0.38016,23973,23900,23760
/content/asphalt_dataset/448/Cracks/IMG_8404 resized_448.jpg,Crack,172.144768,24.497248870560465,0.0,0.129424,172.0,55,252,197,0.382976,0.376896,0.361024,23936,23556,22564
/content/asphalt_dataset/448/Cracks/IMG_8478 resized_448.jpg,Crack,189.56528,19.201448552689975,0.0,0.283936,190.0,88,254,166,0.381872,0.365744,0.324368,23867,22859,20273
/content/asphalt_dataset/448/Cracks/IMG_20180513_165512488_HDR resized_448.jpg,Crack,128.865808,31.11678943122404,0.010112,0.00808,132.0,4,252,248,0.376448,0.363184,0.327104,23528,22699,20444
/content/asphalt_dataset/448/Cracks/IMG_20180514_164936208_HDR resized_448.jpg,Crack,125.08816,31.321982629048243,0.011392,0.010992,126.0,3,254,251,0.378736,0.36992,0.350368,23671,23120,21898
/content/asphalt_dataset/448/Cracks/IMG_20180513_165706718_HDR resized_448.jpg,Crack,129.005648,27.93676602794418,0.0036,0.005216,130.0,10,251,241,0.374704,0.368112,0.35056,23419,23007,21910
/content/asphalt_dataset/448/Cracks/IMG_8481 resized_448.jpg,Crack,181.897792,23.320023017242843,0.0,0.212704,183.0,82,253,171,0.378512,0.370048,0.351968,23657,23128,21998
/content/asphalt_dataset/448/Cracks/IMG_8419 resized_448.jpg,Crack,130.30672,48.082593969560335,0.044144,0.078064,130.0,23,254,231,0.3888,0.387824,0.385456,24300,24239,24091
/content/asphalt_dataset/448/Cracks/IMG_8509 resized_448.jpg,Crack,168.73688,25.591142840162494,0.000208,0.106128,168.0,38,253,215,0.382224,0.377264,0.364272,23889,23579,22767
/content/asphalt_dataset/448/Cracks/IMG_20180514_170355485_HDR resized_448.jpg,Crack,134.999504,40.80212131438737,0.027072,0.051664,136.0,0,254,254,0.38272,0.379984,0.37432,23920,23749,23395
/content/asphalt_dataset/448/Cracks/IMG_20180514_170051550_HDR resized_448.jpg,Crack,145.83072,35.99990155933208,0.019904,0.0624,145.0,0,254,254,0.37528,0.37056,0.360416,23455,23160,22526
/content/asphalt_dataset/448/Cracks/IMG_20180514_165302026_HDR resized_448.jpg,Crack,130.005984,30.86661154373353,0.011744,0.020096,129.0,2,255,253,0.37432,0.366704,0.349712,23395,22919,21857
/content/asphalt_dataset/448/Cracks/IMG_8467 resized_448.jpg,Crack,172.779472,25.86813869224487,0.0,0.14464,174.0,50,249,199,0.38152,0.376208,0.362896,23845,23513,22681
/content/asphalt_dataset/448/Cracks/IMG_20180514_170638485_HDR resized_448.jpg,Crack,131.682176,32.06473620513701,0.007184,0.016992,131.0,1,254,253,0.386304,0.383424,0.376256,24144,23964,23516
/content/asphalt_dataset/448/Cracks/IMG_20180514_165039112_HDR resized_448.jpg,Crack,114.56088,31.0518254153536,0.012528,0.00904,112.0,6,252,246,0.37848,0.372224,0.357664,23655,23264,22354
/content/asphalt_dataset/448/Cracks/IMG_20180513_165533492_HDR resized_448.jpg,Crack,126.274496,25.047229226922163,0.002704,0.003424,128.0,13,251,238,0.374272,0.358848,0.323712,23392,22428,20232
/content/asphalt_dataset/448/Cracks/IMG_20180514_165008040_HDR resized_448.jpg,Crack,113.128816,28.955536093088384,0.015936,0.00816,113.0,2,254,252,0.370976,0.361904,0.334352,23186,22619,20897
/content/asphalt_dataset/448/Cracks/IMG_20180514_170144972_HDR resized_448.jpg,Crack,120.538496,31.069281646957723,0.00656,0.015408,116.0,3,253,250,0.376192,0.370688,0.359872,23512,23168,22492
/content/asphalt_dataset/448/Cracks/IMG_8440 resized_448.jpg,Crack,145.294672,47.239253173736955,0.014528,0.130928,148.0,29,255,226,0.377024,0.376096,0.374576,23564,23506,23411
/content/asphalt_dataset/448/Cracks/IMG_8437 resized_448.jpg,Crack,140.794144,43.80596369568034,0.008176,0.096064,140.0,28,254,226,0.382752,0.381648,0.379408,23922,23853,23713
/content/asphalt_dataset/448/Cracks/IMG_8505 resized_448.jpg,Crack,175.439712,21.669848484866154,0.0,0.123184,174.0,76,254,178,0.370432,0.354336,0.317488,23152,22146,19843
/content/asphalt_dataset/448/Cracks/IMG_20180514_165757436_HDR resized_448.jpg,Crack,140.696032,34.71597700562345,0.01432,0.045968,140.0,0,254,254,0.381264,0.377088,0.367648,23829,23568,22978
/content/asphalt_dataset/448/Cracks/IMG_20180514_165710828_HDR resized_448.jpg,Crack,132.299936,35.42497997735361,0.01568,0.0292,132.0,1,254,253,0.384544,0.381936,0.377392,24034,23871,23587
/content/asphalt_dataset/448/Cracks/IMG_8445 resized_448.jpg,Crack,149.89208,44.887248804906726,0.001104,0.13648,154.0,39,254,215,0.379008,0.377536,0.375184,23688,23596,23449
/content/asphalt_dataset/448/Cracks/IMG_8444 resized_448.jpg,Crack,153.697856,42.98413555026161,0.000592,0.144464,157.0,43,255,212,0.385056,0.383648,0.38032,24066,23978,23770
/content/asphalt_dataset/448/Cracks/IMG_8511 resized_448.jpg,Crack,167.132,30.056553894284026,0.000304,0.135792,166.0,38,254,216,0.381312,0.377584,0.369232,23832,23599,23077
/content/asphalt_dataset/448/Cracks/IMG_20180514_165505511_HDR resized_448.jpg,Crack,131.739856,36.51934617568151,0.018016,0.030704,132.0,5,252,247,0.388912,0.386496,0.382128,24307,24156,23883
/content/asphalt_dataset/448/Cracks/IMG_8469 resized_448.jpg,Crack,168.886688,20.52138612254679,0.0,0.055408,169.0,60,248,188,0.386608,0.37864,0.355744,24163,23665,22234
/content/asphalt_dataset/448/Cracks/IMG_20180514_165411841_HDR resized_448.jpg,Crack,129.664336,38.79301774390727,0.019376,0.043248,128.0,1,253,252,0.386112,0.384336,0.380112,24132,24021,23757
/content/asphalt_dataset/448/Cracks/IMG_20180514_170646586_HDR resized_448.jpg,Crack,132.127312,27.175546648681348,0.00128,0.007472,131.0,23,253,230,0.382992,0.378896,0.366832,23937,23681,22927
/content/asphalt_dataset/448/Cracks/IMG_20180514_165031728_HDR resized_448.jpg,Crack,117.325952,31.109328686001824,0.013232,0.007136,116.0,4,251,247,0.381728,0.376144,0.362176,23858,23509,22636
/content/asphalt_dataset/448/Cracks/IMG_20180513_165345878_HDR resized_448.jpg,Crack,130.021008,27.90637702504458,0.003184,0.00696,131.0,3,254,251,0.382448,0.377712,0.364624,23903,23607,22789
/content/asphalt_dataset/448/Cracks/IMG_8507 resized_448.jpg,Crack,174.614,25.667940080964815,0.0,0.15192,174.0,51,255,204,0.373216,0.362048,0.337328,23326,22628,21083
/content/asphalt_dataset/448/Cracks/IMG_20180513_170500983_HDR resized_448.jpg,Crack,112.875648,19.056848652914677,0.00128,0.00136,113.0,5,252,247,0.36776,0.323312,0.227744,22985,20207,14234
/content/asphalt_dataset/448/Cracks/IMG_8516 resized_448.jpg,Crack,171.800704,35.01661218770862,0.002688,0.196752,174.0,27,254,227,0.383392,0.379408,0.371616,23962,23713,23226
/content/asphalt_dataset/448/Cracks/IMG_8493 resized_448.jpg,Crack,181.390352,24.293122510622133,0.0,0.222096,183.0,79,254,175,0.391552,0.386784,0.37544,24472,24174,23465
/content/asphalt_dataset/448/Cracks/IMG_8464 resized_448.jpg,Crack,172.545488,25.372028591381024,0.0,0.14056,173.0,56,246,190,0.380576,0.37504,0.360944,23786,23440,22559
/content/asphalt_dataset/448/Cracks/IMG_8406 resized_448.jpg,Crack,128.12208,18.906538352474783,0.0,0.001264,127.0,61,238,177,0.37856,0.362416,0.312224,23660,22651,19514
/content/asphalt_dataset/448/Cracks/IMG_8432 resized_448.jpg,Crack,148.856816,45.305927496765186,0.003296,0.13568,153.0,31,254,223,0.380416,0.377104,0.370016,23776,23569,23126
/content/asphalt_dataset/448/Cracks/IMG_20180513_165538350_HDR resized_448.jpg,Crack,122.909264,27.909154465485052,0.008256,0.006176,123.0,3,253,250,0.37504,0.360528,0.332416,23440,22533,20776
/content/asphalt_dataset/448/Cracks/IMG_8447 resized_448.jpg,Crack,145.932688,45.08169789498457,0.002224,0.121792,148.0,33,253,220,0.38224,0.378016,0.370896,23890,23626,23181
/content/asphalt_dataset/448/Cracks/IMG_20180514_165050302_HDR resized_448.jpg,Crack,126.234032,34.438981590967174,0.019456,0.015744,127.0,2,254,252,0.382816,0.3776,0.367728,23926,23600,22983
/content/asphalt_dataset/448/Cracks/IMG_20180514_165724162_HDR resized_448.jpg,Crack,136.642144,35.690178412040254,0.017232,0.035536,137.0,2,252,250,0.388768,0.386832,0.382544,24298,24177,23909
/content/asphalt_dataset/448/Cracks/IMG_20180513_165455803_HDR resized_448.jpg,Crack,123.17816,24.435908393477007,0.004304,0.006032,125.0,4,253,249,0.37728,0.364768,0.330288,23580,22798,20643
/content/asphalt_dataset/448/Cracks/IMG_20180514_170100812_HDR resized_448.jpg,Crack,136.6588,32.56351502156977,0.014464,0.029808,135.0,1,252,251,0.37616,0.370256,0.357312,23510,23141,22332
/content/asphalt_dataset/448/Cracks/IMG_20180514_164920326_HDR resized_448.jpg,Crack,117.171744,26.461489149298913,0.00768,0.004496,117.0,10,248,238,0.373296,0.362928,0.334848,23331,22683,20928
/content/asphalt_dataset/448/Cracks/IMG_8436 resized_448.jpg,Crack,143.98936,44.70858994410806,0.008128,0.111904,145.0,22,254,232,0.387824,0.386848,0.38496,24239,24178,24060
/content/asphalt_dataset/448/Cracks/IMG_20180514_165307482_HDR resized_448.jpg,Crack,127.95384,29.836471058997578,0.008848,0.015088,126.0,1,254,253,0.374656,0.367024,0.35224,23416,22939,22015
/content/asphalt_dataset/448/Cracks/IMG_20180514_165731332_HDR resized_448.jpg,Crack,140.613632,38.342660102926814,0.019024,0.060096,140.0,0,255,255,0.375856,0.371984,0.365648,23491,23249,22853
/content/asphalt_dataset/448/Cracks/IMG_20180513_170728853_HDR resized_448.jpg,Crack,119.758256,24.704931488236596,0.00528,0.002272,121.0,9,251,242,0.36792,0.356208,0.32416,22995,22263,20260
/content/asphalt_dataset/448/NonCracks/IMG_8823 resized_448.jpg,Non-Crack,170.63712,18.250577582794467,0.0,0.054832,170.0,78,254,176,0.371728,0.344512,0.260944,23233,21532,16309
/content/asphalt_dataset/448/NonCracks/IMG_8809 resized_448.jpg,Non-Crack,166.246144,19.108731123004063,0.0,0.034496,166.0,70,250,180,0.37272,0.342896,0.253584,23295,21431,15849
/content/asphalt_dataset/448/NonCracks/IMG_8663 resized_448.jpg,Non-Crack,161.428096,29.350881925672763,0.000208,0.069248,164.0,27,254,227,0.379904,0.372528,0.354288,23744,23283,22143
/content/asphalt_dataset/448/NonCracks/IMG_8796 resized_448.jpg,Non-Crack,169.80432,16.60917473379096,0.0,0.045744,168.0,92,253,161,0.368096,0.327536,0.2316,23006,20471,14475
/content/asphalt_dataset/448/NonCracks/IMG_8776 resized_448.jpg,Non-Crack,169.389632,23.406077050727145,0.0,0.10176,166.0,58,254,196,0.37192,0.35936,0.331808,23245,22460,20738
/content/asphalt_dataset/448/NonCracks/IMG_20180705_130738655 resized_448.jpg,Non-Crack,151.572016,16.229172181468282,0.0,0.002736,152.0,79,249,170,0.363232,0.309728,0.202816,22702,19358,12676
/content/asphalt_dataset/448/NonCracks/IMG_8770 resized_448.jpg,Non-Crack,142.836032,28.60704127474521,6.4e-05,0.04544,139.0,37,254,217,0.372336,0.366256,0.351136,23271,22891,21946
/content/asphalt_dataset/448/NonCracks/IMG_20180705_130744988 resized_448.jpg,Non-Crack,162.754352,26.609630006072916,0.0,0.080848,159.0,85,255,170,0.368416,0.328032,0.224448,23026,20502,14028
/content/asphalt_dataset/448/NonCracks/IMG_8807 resized_448.jpg,Non-Crack,170.796912,18.376111102849155,0.0,0.05176,170.0,90,254,164,0.368336,0.333376,0.23192,23021,20836,14495
/content/asphalt_dataset/448/NonCracks/IMG_8801 resized_448.jpg,Non-Crack,165.965792,17.610228329375406,0.0,0.03352,165.0,91,251,160,0.3508,0.285504,0.179632,21925,17844,11227
/content/asphalt_dataset/448/NonCracks/IMG_8787 resized_448.jpg,Non-Crack,159.387536,19.341129022078935,0.0,0.028304,159.0,72,253,181,0.370464,0.347472,0.287088,23154,21717,17943
/content/asphalt_dataset/448/NonCracks/IMG_20180705_130734659 resized_448.jpg,Non-Crack,153.590592,15.678727534131587,0.0,0.002944,154.0,87,243,156,0.3672,0.315584,0.18512,22950,19724,11570
/content/asphalt_dataset/448/NonCracks/IMG_8825 resized_448.jpg,Non-Crack,164.955744,18.18295271418985,0.0,0.033328,165.0,67,252,185,0.370064,0.337376,0.242624,23129,21086,15164
/content/asphalt_dataset/448/NonCracks/IMG_20180705_130731751 resized_448.jpg,Non-Crack,157.5884,17.410571772345673,0.0,0.018304,157.0,68,245,177,0.366992,0.310048,0.195824,22937,19378,12239
/content/asphalt_dataset/448/NonCracks/IMG_8772 resized_448.jpg,Non-Crack,158.235376,29.543612340717985,0.0,0.090544,155.0,50,254,204,0.380096,0.373808,0.360464,23756,23363,22529
/content/asphalt_dataset/448/NonCracks/IMG_8811 resized_448.jpg,Non-Crack,165.463632,19.413123122480215,0.0,0.035504,165.0,73,251,178,0.368784,0.339312,0.260176,23049,21207,16261
/content/asphalt_dataset/448/NonCracks/IMG_20180705_130745320 resized_448.jpg,Non-Crack,155.724224,16.88714954034055,0.0,0.005504,156.0,91,242,151,0.371216,0.33112,0.223872,23201,20695,13992
/content/asphalt_dataset/448/NonCracks/IMG_20180705_130737652 resized_448.jpg,Non-Crack,148.3044,16.579657796227277,0.0,0.002352,148.0,66,232,166,0.36752,0.32136,0.210624,22970,20085,13164
/content/asphalt_dataset/448/NonCracks/IMG_8810 resized_448.jpg,Non-Crack,163.764912,19.53523047297513,0.0,0.029808,164.0,65,252,187,0.37376,0.344784,0.258064,23360,21549,16129
/content/asphalt_dataset/448/NonCracks/IMG_8721 resized_448.jpg,Non-Crack,130.675344,40.01120471170125,0.011696,0.036256,131.0,20,255,235,0.388192,0.387504,0.385648,24262,24219,24103
/content/asphalt_dataset/448/NonCracks/IMG_8661 resized_448.jpg,Non-Crack,162.979936,32.25907893037097,0.000672,0.10344,166.0,21,254,233,0.380848,0.373216,0.356112,23803,23326,22257
/content/asphalt_dataset/448/NonCracks/IMG_20180705_130744653 resized_448.jpg,Non-Crack,157.743712,18.912441948649995,0.0,0.019968,157.0,79,255,176,0.371392,0.331616,0.227056,23212,20726,14191
/content/asphalt_dataset/448/NonCracks/IMG_8711 resized_448.jpg,Non-Crack,146.849792,36.778993971514986,0.001616,0.067888,148.0,26,254,228,0.37032,0.369296,0.366288,23145,23081,22893
/content/asphalt_dataset/448/NonCracks/IMG_8669 resized_448.jpg,Non-Crack,165.310976,23.775770480205768,6.4e-05,0.045392,168.0,26,254,228,0.37808,0.368528,0.343424,23630,23033,21464
/content/asphalt_dataset/448/NonCracks/IMG_8766 resized_448.jpg,Non-Crack,172.767872,19.27553321160315,0.0,0.087056,169.0,103,253,150,0.350992,0.314768,0.246448,21937,19673,15403
/content/asphalt_dataset/448/NonCracks/IMG_8777 resized_448.jpg,Non-Crack,166.837152,21.507544549038975,1.6e-05,0.053264,167.0,49,254,205,0.368896,0.35104,0.310528,23056,21940,19408
/content/asphalt_dataset/448/NonCracks/IMG_8773 resized_448.jpg,Non-Crack,168.640208,28.09533893222746,0.0,0.142208,166.0,66,255,189,0.376384,0.367392,0.349744,23524,22962,21859
/content/asphalt_dataset/448/NonCracks/IMG_8752 resized_448.jpg,Non-Crack,155.926256,25.512442490331342,3.2e-05,0.060912,153.0,39,253,214,0.367888,0.356304,0.336096,22993,22269,21006
/content/asphalt_dataset/448/NonCracks/IMG_8697 resized_448.jpg,Non-Crack,146.896912,37.916383119494085,0.001824,0.071312,149.0,32,252,220,0.380032,0.379456,0.377776,23752,23716,23611
/content/asphalt_dataset/448/NonCracks/IMG_20180705_130738987 resized_448.jpg,Non-Crack,153.75,15.882843448199067,0.0,0.003584,154.0,85,244,159,0.361664,0.300128,0.186208,22604,18758,11638
/content/asphalt_dataset/448/NonCracks/IMG_8700 resized_448.jpg,Non-Crack,133.935344,39.57767365070443,0.011648,0.040592,135.0,18,252,234,0.380272,0.37936,0.37752,23767,23710,23595
/content/asphalt_dataset/448/NonCracks/IMG_20180705_130745987 resized_448.jpg,Non-Crack,156.563424,17.26468839557274,0.0,0.010368,156.0,82,254,172,0.373152,0.340112,0.235616,23322,21257,14726
/content/asphalt_dataset/448/NonCracks/IMG_8753 resized_448.jpg,Non-Crack,158.04024,26.932946009346992,1.6e-05,0.073824,155.0,49,255,206,0.36584,0.355744,0.336,22865,22234,21000
/content/asphalt_dataset/448/NonCracks/IMG_20180705_130742323 resized_448.jpg,Non-Crack,160.030352,16.077280079543804,0.0,0.009168,160.0,88,251,163,0.365344,0.30208,0.174352,22834,18880,10897
/content/asphalt_dataset/448/NonCracks/IMG_8785 resized_448.jpg,Non-Crack,156.53584,29.191592411076172,0.0,0.080784,154.0,56,254,198,0.363184,0.354944,0.339152,22699,22184,21197
/content/asphalt_dataset/448/NonCracks/IMG_8727 resized_448.jpg,Non-Crack,149.32104,32.606447787491355,0.00056,0.052704,150.0,34,251,217,0.369328,0.367504,0.362128,23083,22969,22633
/content/asphalt_dataset/448/NonCracks/IMG_8769 resized_448.jpg,Non-Crack,131.547968,30.432353097829555,0.00016,0.036144,125.0,34,253,219,0.373248,0.367152,0.355968,23328,22947,22248
/content/asphalt_dataset/448/NonCracks/IMG_8731 resized_448.jpg,Non-Crack,151.771616,31.99829396621864,0.000368,0.059456,153.0,17,255,238,0.363056,0.360384,0.354288,22691,22524,22143
/content/asphalt_dataset/448/NonCracks/IMG_8768 resized_448.jpg,Non-Crack,133.354912,32.04506610185499,0.000768,0.038816,129.0,21,254,233,0.379824,0.376144,0.36696,23739,23509,22935
/content/asphalt_dataset/448/NonCracks/IMG_20180705_130742655 resized_448.jpg,Non-Crack,166.22864,23.578494857611247,0.0,0.075376,163.0,72,255,183,0.359984,0.30808,0.18168,22499,19255,11355
/content/asphalt_dataset/448/NonCracks/IMG_8786 resized_448.jpg,Non-Crack,155.72056,27.96206818685628,0.000288,0.061824,154.0,40,254,214,0.3596,0.347184,0.320432,22475,21699,20027
/content/asphalt_dataset/448/NonCracks/IMG_8795 resized_448.jpg,Non-Crack,180.716592,15.63890277179112,0.0,0.092464,180.0,95,253,158,0.36136,0.311872,0.205456,22585,19492,12841
/content/asphalt_dataset/448/NonCracks/IMG_8765 resized_448.jpg,Non-Crack,170.393184,18.1692654321011,0.0,0.067792,167.0,96,253,157,0.353184,0.3156,0.247712,22074,19725,15482
/content/asphalt_dataset/448/NonCracks/IMG_20180705_130748649 resized_448.jpg,Non-Crack,158.945328,17.169972946176006,0.0,0.013952,159.0,88,247,159,0.372768,0.333488,0.229872,23298,20843,14367
/content/asphalt_dataset/448/NonCracks/IMG_20180705_130734991 resized_448.jpg,Non-Crack,152.703824,16.067552638066072,0.0,0.003152,153.0,86,247,161,0.372768,0.329824,0.217184,23298,20614,13574
/content/asphalt_dataset/448/NonCracks/IMG_8709 resized_448.jpg,Non-Crack,148.801392,34.93514898869527,0.00064,0.064144,150.0,31,254,223,0.366512,0.364704,0.360944,22907,22794,22559
/content/asphalt_dataset/448/NonCracks/IMG_8824 resized_448.jpg,Non-Crack,166.9076,17.878276154036772,0.0,0.037936,166.0,84,252,168,0.369872,0.333552,0.247504,23117,20847,15469
/content/asphalt_dataset/448/NonCracks/IMG_8718 resized_448.jpg,Non-Crack,148.389984,35.652628633520756,0.00088,0.066368,150.0,28,253,225,0.36536,0.363504,0.359936,22835,22719,22496
/content/asphalt_dataset/448/NonCracks/IMG_8788 resized_448.jpg,Non-Crack,160.7088,19.130065200097988,0.0,0.032528,160.0,83,253,170,0.367456,0.340496,0.279744,22966,21281,17484
/content/asphalt_dataset/448/NonCracks/IMG_8774 resized_448.jpg,Non-Crack,167.917712,22.662996727817266,0.0,0.087776,166.0,94,254,160,0.376288,0.364272,0.33376,23518,22767,20860
/content/asphalt_dataset/448/NonCracks/IMG_8699 resized_448.jpg,Non-Crack,133.326608,40.138786419301915,0.01232,0.042896,134.0,17,253,236,0.382288,0.381584,0.379872,23893,23849,23742
/content/asphalt_dataset/448/NonCracks/IMG_8818 resized_448.jpg,Non-Crack,174.055936,16.83519097497572,0.0,0.056096,174.0,94,253,159,0.372432,0.34248,0.262448,23277,21405,16403
/content/asphalt_dataset/448/NonCracks/IMG_8692 resized_448.jpg,Non-Crack,143.840704,36.08101330041029,0.001776,0.052128,145.0,24,254,230,0.383232,0.38208,0.379584,23952,23880,23724
/content/asphalt_dataset/448/NonCracks/IMG_8748 resized_448.jpg,Non-Crack,147.855744,28.676660164783208,0.000592,0.05064,145.0,17,254,237,0.373424,0.36552,0.350576,23339,22845,21911
/content/asphalt_dataset/448/NonCracks/IMG_8683 resized_448.jpg,Non-Crack,164.046944,21.69841220598558,0.0,0.045728,164.0,70,252,182,0.373536,0.35352,0.308336,23346,22095,19271
/content/asphalt_dataset/448/NonCracks/IMG_8696 resized_448.jpg,Non-Crack,141.170672,37.69408493475357,0.0032,0.051216,143.0,33,252,219,0.380368,0.379776,0.3776,23773,23736,23600
/content/asphalt_dataset/448/NonCracks/IMG_8672 resized_448.jpg,Non-Crack,155.700112,27.316120427093157,0.000768,0.04,157.0,16,255,239,0.381008,0.37408,0.35856,23813,23380,22410
/content/asphalt_dataset/448/NonCracks/IMG_8674 resized_448.jpg,Non-Crack,167.930112,28.489148173777608,6.4e-05,0.13528,169.0,33,254,221,0.382848,0.373856,0.350016,23928,23366,21876
/content/asphalt_dataset/448/NonCracks/IMG_8817 resized_448.jpg,Non-Crack,160.955008,19.109025922844314,0.0,0.024368,161.0,59,252,193,0.3744,0.352544,0.296304,23400,22034,18519
/content/asphalt_dataset/448/NonCracks/IMG_8775 resized_448.jpg,Non-Crack,170.73312,21.11154317110902,0.0,0.088768,169.0,87,254,167,0.369584,0.351952,0.307904,23099,21997,19244
/content/asphalt_dataset/448/NonCracks/IMG_20180705_130736655 resized_448.jpg,Non-Crack,152.505856,16.5664764421184,0.0,0.003968,153.0,69,244,175,0.373504,0.334368,0.229072,23344,20898,14317
/content/asphalt_dataset/448/NonCracks/IMG_20180705_130744320 resized_448.jpg,Non-Crack,156.948816,17.465057806893856,0.0,0.011056,157.0,86,241,155,0.3704,0.325712,0.223072,23150,20357,13942
/content/asphalt_dataset/448/NonCracks/IMG_20180705_130747318 resized_448.jpg,Non-Crack,157.939216,15.818635127764468,0.0,0.00504,158.0,83,240,157,0.371904,0.32816,0.219072,23244,20510,13692
/content/asphalt_dataset/448/NonCracks/IMG_8808 resized_448.jpg,Non-Crack,169.948352,19.98036767639915,0.0,0.055296,170.0,69,252,183,0.371536,0.342528,0.253296,23221,21408,15831
/content/asphalt_dataset/448/NonCracks/IMG_8671 resized_448.jpg,Non-Crack,162.667616,32.14398881403091,0.000752,0.095328,167.0,16,254,238,0.381056,0.37672,0.367936,23816,23545,22996
/content/asphalt_dataset/448/NonCracks/IMG_20180705_130747652 resized_448.jpg,Non-Crack,158.953968,17.575448587588767,0.0,0.012464,159.0,87,250,163,0.373408,0.336896,0.23792,23338,21056,14870
/content/asphalt_dataset/448/NonCracks/IMG_8667 resized_448.jpg,Non-Crack,164.665232,29.577453209939762,0.000752,0.0936,167.0,21,254,233,0.382336,0.376464,0.364528,23896,23529,22783
/content/asphalt_dataset/448/NonCracks/IMG_8730 resized_448.jpg,Non-Crack,151.806464,31.970895511647843,0.00024,0.059984,153.0,37,252,215,0.36168,0.359264,0.352624,22605,22454,22039
/content/asphalt_dataset/448/NonCracks/IMG_20180705_130733991 resized_448.jpg,Non-Crack,159.34912,16.8412333047672,0.0,0.016992,159.0,84,251,167,0.35776,0.280864,0.146256,22360,17554,9141
/content/asphalt_dataset/448/NonCracks/IMG_8717 resized_448.jpg,Non-Crack,150.122944,34.92747899251912,0.000592,0.072016,151.0,38,253,215,0.366608,0.365136,0.360512,22913,22821,22532
/content/asphalt_dataset/448/NonCracks/IMG_8677 resized_448.jpg,Non-Crack,155.390736,27.191863146505867,0.000384,0.043392,156.0,14,254,240,0.37904,0.373248,0.356,23690,23328,22250
/content/asphalt_dataset/448/NonCracks/IMG_8771 resized_448.jpg,Non-Crack,151.346176,26.818476059929733,0.0,0.054128,148.0,64,255,191,0.367776,0.357328,0.340128,22986,22333,21258
/content/asphalt_dataset/448/NonCracks/IMG_8691 resized_448.jpg,Non-Crack,144.916224,35.300848114200086,0.001088,0.049456,147.0,25,254,229,0.383408,0.382448,0.380176,23963,23903,23761
/content/asphalt_dataset/448/NonCracks/IMG_20180705_130747985 resized_448.jpg,Non-Crack,160.162032,17.97012814731648,0.0,0.022416,160.0,82,250,168,0.371056,0.331008,0.223744,23191,20688,13984
/content/asphalt_dataset/448/NonCracks/IMG_8698 resized_448.jpg,Non-Crack,133.718192,40.168876213445856,0.011072,0.04536,134.0,19,253,234,0.381264,0.38056,0.378752,23829,23785,23672
/content/asphalt_dataset/448/NonCracks/IMG_8695 resized_448.jpg,Non-Crack,138.741344,37.82935803147688,0.00568,0.044688,140.0,22,254,232,0.380864,0.379952,0.377696,23804,23747,23606
/content/asphalt_dataset/448/NonCracks/IMG_8694 resized_448.jpg,Non-Crack,135.640336,38.783440200775175,0.004848,0.04064,137.0,21,255,234,0.380704,0.380128,0.377808,23794,23758,23613
/content/asphalt_dataset/448/NonCracks/IMG_8815 resized_448.jpg,Non-Crack,160.6072,19.18276341302264,0.0,0.02256,161.0,74,251,177,0.372768,0.346336,0.282272,23298,21646,17642
/content/asphalt_dataset/448/NonCracks/IMG_20180705_130740323 resized_448.jpg,Non-Crack,156.216912,16.000054161916328,0.0,0.0052,156.0,74,247,173,0.364016,0.307136,0.183216,22751,19196,11451
/content/asphalt_dataset/448/NonCracks/IMG_8814 resized_448.jpg,Non-Crack,173.466624,18.117791202092597,0.0,0.068608,173.0,94,252,158,0.370432,0.336192,0.243104,23152,21012,15194
/content/asphalt_dataset/448/NonCracks/IMG_8790 resized_448.jpg,Non-Crack,172.751392,19.17427239981575,0.0,0.067408,173.0,87,252,165,0.369168,0.335616,0.261024,23073,20976,16314
/content/asphalt_dataset/448/NonCracks/IMG_20180705_130729936 resized_448.jpg,Non-Crack,157.120016,16.447475069436766,0.0,0.005952,157.0,80,253,173,0.371264,0.329232,0.230304,23204,20577,14394
/content/asphalt_dataset/448/NonCracks/IMG_8820 resized_448.jpg,Non-Crack,169.942016,18.170112543838137,0.0,0.048992,170.0,77,253,176,0.371328,0.344896,0.265696,23208,21556,16606
/content/asphalt_dataset/448/NonCracks/IMG_8789 resized_448.jpg,Non-Crack,167.272448,19.914049213740935,0.0,0.05344,167.0,73,253,180,0.37096,0.344032,0.28264,23185,21502,17665
/content/asphalt_dataset/448/NonCracks/IMG_8690 resized_448.jpg,Non-Crack,149.358512,34.99409683283534,0.000512,0.06416,151.0,34,253,219,0.381312,0.380288,0.377536,23832,23768,23596
/content/asphalt_dataset/448/NonCracks/IMG_8763 resized_448.jpg,Non-Crack,173.357936,20.88602427030822,0.0,0.108352,170.0,93,253,160,0.365408,0.342288,0.29256,22838,21393,18285
/content/asphalt_dataset/448/NonCracks/IMG_8693 resized_448.jpg,Non-Crack,139.415088,38.16489410377364,0.002416,0.047136,141.0,34,253,219,0.38256,0.38168,0.379408,23910,23855,23713
/content/asphalt_dataset/448/NonCracks/IMG_20180705_130743653 resized_448.jpg,Non-Crack,158.986928,18.500714070619434,0.0,0.023792,158.0,69,252,183,0.365872,0.322448,0.20664,22867,20153,12915
/content/asphalt_dataset/448/NonCracks/IMG_8664 resized_448.jpg,Non-Crack,155.132768,28.04255403236617,0.000416,0.04632,156.0,25,253,228,0.3768,0.369136,0.351776,23550,23071,21986
/content/asphalt_dataset/448/NonCracks/IMG_8689 resized_448.jpg,Non-Crack,131.20248,39.27080434431666,0.009872,0.03392,131.0,11,254,243,0.393808,0.392832,0.391616,24613,24552,24476
/content/asphalt_dataset/448/NonCracks/IMG_8706 resized_448.jpg,Non-Crack,146.223232,34.66337166915787,0.000496,0.060208,146.0,27,254,227,0.367264,0.365104,0.361104,22954,22819,22569
/content/asphalt_dataset/448/NonCracks/IMG_8678 resized_448.jpg,Non-Crack,153.9216,29.691369207902824,0.000848,0.048128,155.0,16,254,238,0.38288,0.378592,0.369712,23930,23662,23107
/content/asphalt_dataset/448/NonCracks/IMG_8749 resized_448.jpg,Non-Crack,155.908688,24.987680126787602,0.0,0.060736,152.0,67,253,186,0.373632,0.363792,0.346608,23352,22737,21663
/content/asphalt_dataset/448/NonCracks/IMG_8662 resized_448.jpg,Non-Crack,158.512896,31.95300163823712,0.001024,0.072672,161.0,24,255,231,0.3828,0.37648,0.36144,23925,23530,22590
/content/asphalt_dataset/448/NonCracks/IMG_20180705_130732496 resized_448.jpg,Non-Crack,159.637808,15.921042206939092,0.0,0.006608,160.0,86,252,166,0.371408,0.331552,0.21488,23213,20722,13430
/content/asphalt_dataset/448/NonCracks/IMG_20180705_130746652 resized_448.jpg,Non-Crack,157.530384,16.738821607644425,0.0,0.005552,158.0,86,242,156,0.368576,0.325312,0.21488,23036,20332,13430
/content/asphalt_dataset/448/NonCracks/IMG_20180705_130738321 resized_448.jpg,Non-Crack,149.995728,16.34242178350614,0.0,0.002064,150.0,70,241,171,0.367024,0.323792,0.214256,22939,20237,13391
/content/asphalt_dataset/448/NonCracks/IMG_20180705_130739654 resized_448.jpg,Non-Crack,156.460352,16.155782990498974,0.0,0.005648,156.0,63,248,185,0.363408,0.307488,0.189232,22713,19218,11827
/content/asphalt_dataset/448/NonCracks/IMG_8755 resized_448.jpg,Non-Crack,149.489152,27.262873698876575,8e-05,0.053728,146.0,33,254,221,0.3652,0.355616,0.334768,22825,22226,20923
/content/asphalt_dataset/448/NonCracks/IMG_8750 resized_448.jpg,Non-Crack,159.283264,23.960535918595475,0.0,0.06584,156.0,72,253,181,0.361424,0.347152,0.319264,22589,21697,19954
/content/asphalt_dataset/448/NonCracks/IMG_20180705_130735989 resized_448.jpg,Non-Crack,155.205488,17.071801272327885,0.0,0.01336,155.0,81,254,173,0.369664,0.320208,0.20896,23104,20013,13060
/content/asphalt_dataset/448/NonCracks/IMG_20180705_130737319 resized_448.jpg,Non-Crack,147.677344,16.595007113757557,0.0,0.00216,148.0,72,241,169,0.371408,0.328352,0.215152,23213,20522,13447
/content/asphalt_dataset/448/NonCracks/IMG_20180705_130741322 resized_448.jpg,Non-Crack,166.988464,24.133643465517263,0.0,0.067888,164.0,91,255,164,0.359968,0.309856,0.186832,22498,19366,11677
/content/asphalt_dataset/448/NonCracks/IMG_8686 resized_448.jpg,Non-Crack,145.833168,32.0787489638199,0.000208,0.031872,147.0,39,253,214,0.38136,0.379904,0.375968,23835,23744,23498
/content/asphalt_dataset/448/NonCracks/IMG_8722 resized_448.jpg,Non-Crack,155.49424,32.38612367700709,0.000256,0.07656,157.0,36,253,217,0.363024,0.359968,0.352736,22689,22498,22046
/content/asphalt_dataset/448/NonCracks/IMG_8756 resized_448.jpg,Non-Crack,150.814288,27.132999669278295,0.0,0.05784,147.0,56,254,198,0.359072,0.346288,0.324112,22442,21643,20257
/content/asphalt_dataset/448/NonCracks/IMG_8758 resized_448.jpg,Non-Crack,155.129072,25.89312674087114,3.2e-05,0.062304,152.0,47,254,207,0.37048,0.3616,0.343632,23155,22600,21477
/content/asphalt_dataset/448/NonCracks/IMG_8703 resized_448.jpg,Non-Crack,128.449424,38.294906842401694,0.013536,0.029584,128.0,10,254,244,0.37176,0.370496,0.367216,23235,23156,22951
/content/asphalt_dataset/448/NonCracks/IMG_8665 resized_448.jpg,Non-Crack,157.042496,27.04098374856181,0.000352,0.046656,158.0,22,253,231,0.376592,0.36672,0.342928,23537,22920,21433
/content/asphalt_dataset/448/NonCracks/IMG_8687 resized_448.jpg,Non-Crack,153.88728,33.23261455560787,9.6e-05,0.073152,156.0,43,254,211,0.380784,0.379648,0.376528,23799,23728,23533
/content/asphalt_dataset/448/NonCracks/IMG_20180705_130746319 resized_448.jpg,Non-Crack,166.229872,27.085171863283723,0.0,0.090432,162.0,78,255,177,0.35984,0.313408,0.206672,22490,19588,12917
/content/asphalt_dataset/448/NonCracks/IMG_8675 resized_448.jpg,Non-Crack,171.444768,28.314782100983507,9.6e-05,0.157712,173.0,45,254,209,0.37904,0.368592,0.339968,23690,23037,21248
/content/asphalt_dataset/448/NonCracks/IMG_8747 resized_448.jpg,Non-Crack,162.337952,28.507141499029608,0.0,0.080928,164.0,57,254,197,0.366544,0.350912,0.315984,22909,21932,19749
/content/asphalt_dataset/448/NonCracks/IMG_8764 resized_448.jpg,Non-Crack,174.490352,18.451937646656408,0.0,0.091792,172.0,98,253,155,0.355776,0.320128,0.255968,22236,20008,15998
/content/asphalt_dataset/448/NonCracks/IMG_8792 resized_448.jpg,Non-Crack,167.673536,19.167593830648226,0.0,0.049856,167.0,73,254,181,0.359504,0.321312,0.229872,22469,20082,14367
/content/asphalt_dataset/448/NonCracks/IMG_20180705_130743987 resized_448.jpg,Non-Crack,157.197504,17.080678211651435,0.0,0.01032,157.0,87,248,161,0.36968,0.328496,0.219552,23105,20531,13722
/content/asphalt_dataset/448/NonCracks/IMG_8708 resized_448.jpg,Non-Crack,144.955296,35.75272657507933,0.001104,0.055952,146.0,31,253,222,0.369408,0.368096,0.36512,23088,23006,22820
/content/asphalt_dataset/448/NonCracks/IMG_20180705_130735657 resized_448.jpg,Non-Crack,153.81264,15.502622237234577,0.0,0.003504,154.0,87,249,162,0.370848,0.321184,0.204576,23178,20074,12786
/content/asphalt_dataset/448/NonCracks/IMG_20180705_130739321 resized_448.jpg,Non-Crack,155.291904,16.27881101477574,0.0,0.005408,155.0,84,248,164,0.363952,0.306272,0.182672,22747,19142,11417
/content/asphalt_dataset/448/NonCracks/IMG_8715 resized_448.jpg,Non-Crack,146.72712,36.28484621030658,0.001488,0.063984,148.0,29,253,224,0.3672,0.365728,0.362576,22950,22858,22661
/content/asphalt_dataset/448/NonCracks/IMG_8798 resized_448.jpg,Non-Crack,168.917936,19.095533338974953,0.0,0.048864,169.0,55,252,197,0.36912,0.330016,0.22272,23070,20626,13920
/content/asphalt_dataset/448/NonCracks/IMG_20180705_130748317 resized_448.jpg,Non-Crack,159.722176,16.840865471377178,0.0,0.013344,160.0,88,253,165,0.370192,0.324304,0.214688,23137,20269,13418
/content/asphalt_dataset/448/NonCracks/IMG_8794 resized_448.jpg,Non-Crack,177.200992,16.000772550596924,0.0,0.072528,176.0,76,253,177,0.362368,0.312208,0.183632,22648,19513,11477
/content/asphalt_dataset/448/NonCracks/IMG_8784 resized_448.jpg,Non-Crack,151.471952,34.23315815564927,0.0,0.098112,147.0,51,254,203,0.380928,0.377104,0.369328,23808,23569,23083
/content/asphalt_dataset/448/NonCracks/IMG_8710 resized_448.jpg,Non-Crack,146.608816,36.826176547099536,0.001456,0.068032,148.0,17,254,237,0.36928,0.368128,0.365504,23080,23008,22844
/content/asphalt_dataset/448/NonCracks/IMG_8762 resized_448.jpg,Non-Crack,165.958048,20.849584744778397,0.0,0.0724,162.0,93,253,160,0.364096,0.343536,0.296736,22756,21471,18546
/content/asphalt_dataset/448/NonCracks/IMG_8685 resized_448.jpg,Non-Crack,150.3628,27.69992188003425,0.000256,0.038992,150.0,29,254,225,0.3784,0.373136,0.361424,23650,23321,22589
/content/asphalt_dataset/448/NonCracks/IMG_20180705_130742988 resized_448.jpg,Non-Crack,165.920816,24.01266103317464,0.0,0.08792,163.0,87,255,168,0.364768,0.314112,0.194752,22798,19632,12172
/content/asphalt_dataset/448/NonCracks/IMG_8682 resized_448.jpg,Non-Crack,165.98832,21.964478768630045,3.2e-05,0.052976,166.0,48,253,205,0.37312,0.359744,0.325568,23320,22484,20348
/content/asphalt_dataset/448/NonCracks/IMG_8760 resized_448.jpg,Non-Crack,169.301264,20.0871686407593,0.0,0.074368,167.0,95,254,159,0.36544,0.345984,0.305152,22840,21624,19072
/content/asphalt_dataset/448/NonCracks/IMG_8821 resized_448.jpg,Non-Crack,170.020768,18.216932362233113,0.0,0.050528,170.0,82,252,170,0.372768,0.345072,0.270704,23298,21567,16919
/content/asphalt_dataset/448/NonCracks/IMG_8676 resized_448.jpg,Non-Crack,151.78744,34.80858035379208,0.001664,0.072528,153.0,22,254,232,0.387008,0.384656,0.379344,24188,24041,23709
/content/asphalt_dataset/448/NonCracks/IMG_20180705_130736323 resized_448.jpg,Non-Crack,155.107744,16.668377942393313,0.0,0.007056,155.0,84,252,168,0.37168,0.3284,0.216128,23230,20525,13508
/content/asphalt_dataset/448/NonCracks/IMG_8757 resized_448.jpg,Non-Crack,150.186896,28.25857232567109,9.6e-05,0.064768,146.0,41,254,213,0.367248,0.359328,0.343472,22953,22458,21467
/content/asphalt_dataset/448/NonCracks/IMG_8702 resized_448.jpg,Non-Crack,132.49552,39.00579192798936,0.009104,0.041712,132.0,8,254,246,0.3732,0.371568,0.368624,23325,23223,23039
/content/asphalt_dataset/448/NonCracks/IMG_8778 resized_448.jpg,Non-Crack,165.061904,20.382057008427388,0.0,0.04616,165.0,70,253,183,0.367328,0.342736,0.287888,22958,21421,17993
/content/asphalt_dataset/448/NonCracks/IMG_8716 resized_448.jpg,Non-Crack,147.894144,35.26777739675785,0.000864,0.065184,149.0,33,254,221,0.3672,0.36584,0.36128,22950,22865,22580
/content/asphalt_dataset/448/NonCracks/IMG_8802 resized_448.jpg,Non-Crack,167.299008,18.958515612144744,0.0,0.046832,166.0,92,251,159,0.371472,0.342672,0.259792,23217,21417,16237
/content/asphalt_dataset/448/NonCracks/IMG_8673 resized_448.jpg,Non-Crack,168.057584,26.78131759422871,9.6e-05,0.111424,168.0,25,254,229,0.379632,0.369456,0.345856,23727,23091,21616
/content/asphalt_dataset/448/NonCracks/IMG_20180705_130735324 resized_448.jpg,Non-Crack,153.080208,15.939399696247534,0.0,0.003296,153.0,83,247,164,0.372144,0.32776,0.214736,23259,20485,13421
/content/asphalt_dataset/448/NonCracks/IMG_20180705_130733329 resized_448.jpg,Non-Crack,165.998784,20.11958246389184,0.0,0.061024,164.0,92,254,162,0.359808,0.300608,0.17752,22488,18788,11095
/content/asphalt_dataset/448/NonCracks/IMG_8719 resized_448.jpg,Non-Crack,147.384304,35.99483794151023,0.001728,0.063104,149.0,22,251,229,0.367152,0.366064,0.36264,22947,22879,22665
/content/asphalt_dataset/448/NonCracks/IMG_20180705_130745654 resized_448.jpg,Non-Crack,157.177392,16.942990647413342,0.0,0.007056,157.0,87,248,161,0.37,0.327008,0.209904,23125,20438,13119
/content/asphalt_dataset/448/NonCracks/IMG_8684 resized_448.jpg,Non-Crack,146.53136,31.354465719421853,0.003552,0.032864,149.0,16,254,238,0.374192,0.367392,0.350336,23387,22962,21896
/content/asphalt_dataset/448/NonCracks/IMG_20180705_130737985 resized_448.jpg,Non-Crack,150.844176,16.644404912192687,0.0,0.003184,151.0,70,230,160,0.364528,0.321024,0.212128,22783,20064,13258
/content/asphalt_dataset/448/NonCracks/IMG_8705 resized_448.jpg,Non-Crack,147.863312,42.289859829404215,0.004064,0.112576,150.0,22,254,232,0.382432,0.381792,0.380432,23902,23862,23777
/content/asphalt_dataset/448/NonCracks/IMG_20180705_130733660 resized_448.jpg,Non-Crack,167.154448,19.69033716865448,0.0,0.053728,166.0,88,254,166,0.362288,0.307632,0.18576,22643,19227,11610
/content/asphalt_dataset/448/NonCracks/IMG_8666 resized_448.jpg,Non-Crack,165.630176,24.93649274074091,1.6e-05,0.061856,167.0,46,251,205,0.379888,0.372048,0.353264,23743,23253,22079
/content/asphalt_dataset/448/NonCracks/IMG_8751 resized_448.jpg,Non-Crack,157.110048,23.384208377400675,0.0,0.053376,154.0,60,254,194,0.361744,0.346256,0.317056,22609,21641,19816
/content/asphalt_dataset/448/NonCracks/IMG_8713 resized_448.jpg,Non-Crack,150.071184,35.93950078726949,0.000832,0.077312,151.0,29,253,224,0.36784,0.36616,0.363152,22990,22885,22697
/content/asphalt_dataset/448/NonCracks/IMG_8660 resized_448.jpg,Non-Crack,150.488784,34.29229257721542,0.003232,0.057168,152.0,11,255,244,0.382528,0.378752,0.372016,23908,23672,23251
/content/asphalt_dataset/448/NonCracks/IMG_20180705_130741655 resized_448.jpg,Non-Crack,158.62768,15.713313648546572,0.0,0.005568,158.0,82,244,162,0.36776,0.317616,0.205888,22985,19851,12868
/content/asphalt_dataset/448/NonCracks/IMG_8816 resized_448.jpg,Non-Crack,160.486816,18.988281917597075,0.0,0.022976,160.0,66,252,186,0.3752,0.355312,0.295584,23450,22207,18474
/content/asphalt_dataset/448/NonCracks/IMG_8726 resized_448.jpg,Non-Crack,150.781776,32.48175380557251,0.000336,0.057952,152.0,40,254,214,0.367856,0.365568,0.35944,22991,22848,22465
/content/asphalt_dataset/448/NonCracks/IMG_8761 resized_448.jpg,Non-Crack,168.78416,21.52061497946562,0.0,0.089712,165.0,82,254,172,0.369488,0.352656,0.318368,23093,22041,19898
/content/asphalt_dataset/448/NonCracks/IMG_8812 resized_448.jpg,Non-Crack,173.780896,18.985998036373648,0.0,0.076336,174.0,86,254,168,0.370928,0.340432,0.254368,23183,21277,15898
/content/asphalt_dataset/448/NonCracks/IMG_8729 resized_448.jpg,Non-Crack,151.584704,32.35960557906082,0.000304,0.061872,152.0,30,253,223,0.366608,0.363664,0.357936,22913,22729,22371
/content/asphalt_dataset/448/NonCracks/IMG_8714 resized_448.jpg,Non-Crack,146.542944,36.19504534895438,0.001344,0.062624,148.0,28,254,226,0.365392,0.364128,0.361328,22837,22758,22583
/content/asphalt_dataset/448/NonCracks/IMG_8781 resized_448.jpg,Non-Crack,171.701408,20.948291262476182,0.0,0.081392,171.0,80,254,174,0.366832,0.344656,0.298384,22927,21541,18649
/content/asphalt_dataset/448/NonCracks/IMG_20180705_130746985 resized_448.jpg,Non-Crack,158.224144,18.33677527449317,0.0,0.013056,158.0,83,244,161,0.37256,0.340464,0.235088,23285,21279,14693
/content/asphalt_dataset/448/NonCracks/IMG_20180705_130734324 resized_448.jpg,Non-Crack,159.087216,17.681093896287752,0.0,0.02496,158.0,60,253,193,0.355216,0.269312,0.110544,22201,16832,6909
/content/asphalt_dataset/448/NonCracks/IMG_20180705_130740989 resized_448.jpg,Non-Crack,158.493312,17.3948517461534,0.0,0.012,158.0,67,254,187,0.367808,0.31608,0.197648,22988,19755,12353
/content/asphalt_dataset/448/NonCracks/IMG_8813 resized_448.jpg,Non-Crack,172.276208,19.113669588562423,0.0,0.063088,173.0,82,252,170,0.368592,0.34248,0.26008,23037,21405,16255
/content/asphalt_dataset/448/NonCracks/IMG_8728 resized_448.jpg,Non-Crack,150.250816,32.57018175162896,0.000448,0.056,151.0,29,253,224,0.366608,0.364592,0.358768,22913,22787,22423
/content/asphalt_dataset/448/NonCracks/IMG_8805 resized_448.jpg,Non-Crack,172.837712,17.880822760853484,0.0,0.0604,172.0,97,254,157,0.36928,0.335776,0.237152,23080,20986,14822
/content/asphalt_dataset/448/NonCracks/IMG_8806 resized_448.jpg,Non-Crack,171.836496,18.109823258165274,0.0,0.051632,172.0,87,252,165,0.371744,0.33648,0.250896,23234,21030,15681
/content/asphalt_dataset/448/NonCracks/IMG_8723 resized_448.jpg,Non-Crack,151.590656,32.71487718897419,0.000288,0.061536,153.0,30,255,225,0.359808,0.3572,0.351232,22488,22325,21952
/content/asphalt_dataset/448/NonCracks/IMG_8724 resized_448.jpg,Non-Crack,150.302128,32.4479087565226,0.000336,0.05432,151.0,36,252,216,0.364688,0.362272,0.357248,22793,22642,22328
/content/asphalt_dataset/448/NonCracks/IMG_8779 resized_448.jpg,Non-Crack,129.414544,19.662129520274856,1.6e-05,0.007008,128.0,46,253,207,0.36736,0.34208,0.276368,22960,21380,17273
/content/asphalt_dataset/448/NonCracks/IMG_8679 resized_448.jpg,Non-Crack,151.668624,30.57652063179563,0.001824,0.041824,154.0,17,254,237,0.372656,0.361232,0.333504,23291,22577,20844
/content/asphalt_dataset/448/NonCracks/IMG_8822 resized_448.jpg,Non-Crack,170.714496,17.562267492154422,0.0,0.050176,170.0,98,252,154,0.370272,0.339968,0.258384,23142,21248,16149
/content/asphalt_dataset/448/NonCracks/IMG_8793 resized_448.jpg,Non-Crack,169.87952,21.129361101784408,0.0,0.071008,170.0,72,253,181,0.360224,0.329264,0.249536,22514,20579,15596
/content/asphalt_dataset/448/NonCracks/IMG_8804 resized_448.jpg,Non-Crack,165.301632,18.03685189096412,0.0,0.035072,164.0,76,253,177,0.368112,0.33,0.237552,23007,20625,14847
/content/asphalt_dataset/448/NonCracks/IMG_8659 resized_448.jpg,Non-Crack,161.726704,32.05343060105086,0.000752,0.093648,164.0,26,255,229,0.38616,0.38256,0.3724,24135,23910,23275
/content/asphalt_dataset/448/NonCracks/IMG_20180705_130736987 resized_448.jpg,Non-Crack,149.932432,16.160214681908652,0.0,0.002288,150.0,55,245,190,0.3744,0.32992,0.218816,23400,20620,13676
/content/asphalt_dataset/448/NonCracks/IMG_8803 resized_448.jpg,Non-Crack,164.448992,19.33601257198433,0.0,0.035232,164.0,68,253,185,0.370016,0.340816,0.263216,23126,21301,16451
/content/asphalt_dataset/448/NonCracks/IMG_20180705_130732993 resized_448.jpg,Non-Crack,159.887952,15.541912535003405,0.0,0.007168,160.0,66,250,184,0.369696,0.318224,0.198096,23106,19889,12381
/content/asphalt_dataset/448/NonCracks/IMG_8759 resized_448.jpg,Non-Crack,168.90576,21.024158647194422,0.0,0.081168,166.0,86,254,168,0.367456,0.352464,0.316736,22966,22029,19796
/content/asphalt_dataset/448/NonCracks/IMG_8658 resized_448.jpg,Non-Crack,152.8444,31.795242358566792,0.001456,0.04608,155.0,21,254,233,0.38624,0.383392,0.37688,24140,23962,23555
/content/asphalt_dataset/448/NonCracks/IMG_8681 resized_448.jpg,Non-Crack,172.450256,21.83271173112639,1.6e-05,0.085072,174.0,40,253,213,0.3712,0.356656,0.3232,23200,22291,20200
/content/asphalt_dataset/448/NonCracks/IMG_8680 resized_448.jpg,Non-Crack,160.5252,27.76351946277705,0.000192,0.069936,161.0,33,253,220,0.372496,0.362784,0.33528,23281,22674,20955
/content/asphalt_dataset/448/NonCracks/IMG_8799 resized_448.jpg,Non-Crack,162.733152,19.697180918722758,0.0,0.032496,162.0,69,252,183,0.366384,0.33656,0.25424,22899,21035,15890
/content/asphalt_dataset/448/NonCracks/IMG_20180705_130741989 resized_448.jpg,Non-Crack,162.693168,18.439203836494023,0.0,0.034736,161.0,98,253,155,0.358016,0.28928,0.159072,22376,18080,9942
/content/asphalt_dataset/448/NonCracks/IMG_8688 resized_448.jpg,Non-Crack,149.336352,36.06759724922214,0.00064,0.071392,151.0,30,254,224,0.388288,0.38736,0.385392,24268,24210,24087
/content/asphalt_dataset/448/NonCracks/IMG_8668 resized_448.jpg,Non-Crack,165.161008,24.36678026379226,0.000128,0.059696,166.0,28,253,225,0.377872,0.369936,0.34792,23617,23121,21745
/content/asphalt_dataset/448/NonCracks/IMG_8712 resized_448.jpg,Non-Crack,147.892192,36.02691651300644,0.001376,0.066672,149.0,26,252,226,0.364,0.36272,0.35904,22750,22670,22440
/content/asphalt_dataset/448/NonCracks/IMG_20180705_130743321 resized_448.jpg,Non-Crack,160.915712,20.42668606340872,0.0,0.044656,159.0,85,254,169,0.365648,0.319408,0.1952,22853,19963,12200
/content/asphalt_dataset/448/NonCracks/IMG_8707 resized_448.jpg,Non-Crack,146.705456,35.1000076899146,0.000704,0.05768,148.0,23,254,231,0.368912,0.367552,0.364304,23057,22972,22769
/content/asphalt_dataset/448/NonCracks/IMG_8767 resized_448.jpg,Non-Crack,169.7808,20.40717715314884,0.0,0.08424,166.0,105,253,148,0.358816,0.332864,0.275632,22426,20804,17227
/content/asphalt_dataset/448/NonCracks/IMG_20180705_130739987 resized_448.jpg,Non-Crack,155.556512,15.678277150052423,0.0,0.004064,156.0,78,253,175,0.360288,0.303552,0.176288,22518,18972,11018
/content/asphalt_dataset/448/NonCracks/IMG_8819 resized_448.jpg,Non-Crack,176.970768,17.04484794564551,0.0,0.079632,176.0,82,253,171,0.369616,0.335616,0.251056,23101,20976,15691
/content/asphalt_dataset/448/NonCracks/IMG_8670 resized_448.jpg,Non-Crack,164.65488,26.765375771425294,0.000272,0.06016,168.0,26,254,228,0.381984,0.37608,0.359952,23874,23505,22497
/content/asphalt_dataset/448/NonCracks/IMG_8754 resized_448.jpg,Non-Crack,161.97536,24.66670113473628,1.6e-05,0.076288,159.0,43,255,212,0.366928,0.356064,0.33384,22933,22254,20865
/content/asphalt_dataset/448/NonCracks/IMG_8725 resized_448.jpg,Non-Crack,149.766,32.30820694498536,0.000416,0.052864,151.0,31,253,222,0.363744,0.360912,0.354656,22734,22557,22166
/content/asphalt_dataset/448/NonCracks/IMG_8704 resized_448.jpg,Non-Crack,139.63224,42.23150938082133,0.009024,0.073264,141.0,23,253,230,0.382896,0.382368,0.380816,23931,23898,23801
/content/asphalt_dataset/448/NonCracks/IMG_8800 resized_448.jpg,Non-Crack,161.605808,19.719980240029045,0.0,0.030096,161.0,60,254,194,0.367328,0.337328,0.257168,22958,21083,16073
/content/asphalt_dataset/448/NonCracks/IMG_8720 resized_448.jpg,Non-Crack,149.755936,35.58116648964595,0.000864,0.069984,152.0,31,254,223,0.369952,0.368432,0.364832,23122,23027,22802
/content/asphalt_dataset/448/NonCracks/IMG_20180705_130740656 resized_448.jpg,Non-Crack,156.934064,16.967042536750593,0.0,0.01008,157.0,73,250,177,0.363072,0.312816,0.192576,22692,19551,12036
/content/asphalt_dataset/448/NonCracks/IMG_8791 resized_448.jpg,Non-Crack,172.028688,19.106995394322364,0.0,0.067456,171.0,79,251,172,0.36512,0.331056,0.252848,22820,20691,15803
/content/asphalt_dataset/448/NonCracks/IMG_8701 resized_448.jpg,Non-Crack,140.258688,39.34843194485208,0.004592,0.061344,141.0,23,254,231,0.373232,0.37224,0.369728,23327,23265,23108
